DATE,SPY Log Return,SPY Realized Vol,CPI_MoM,Core_CPI_MoM,Unemployment_Rate,10Y-2Y_Spread,10Y-3M_Spread,Fed_Funds_Rate,GDP_MoM
2000-01-01,-0.141676714924563,0.6124720785855545,-0.55395845591583,-1.436616559018107,-0.8581843072909203,-0.8749905793711809,-0.19198706145582584,1.73046423577709,-0.42092910043412063
2000-02-01,-1.0746935290584947,0.6124720785855545,0.9952427904101416,-1.0304096774946543,-0.8070978937134846,-1.1911828816076873,-0.4672258013511292,1.8686433881030902,-0.42092910043412063
2000-03-01,-0.4888607627950811,0.6124720785855545,1.6021501337882202,0.9992661786794004,-0.8581843072909203,-1.3747784119385615,-0.757342310970502,1.9278630248142326,-0.42092910043412063
2000-04-01,1.9513950420724826,1.002134541027326,-0.40121010873130025,-0.2227349947321537,-0.9603571344457923,-1.5175749355292412,-0.9284366627973114,2.011757510155018,1.010434119263029
2000-05-01,-0.9506531082465952,1.6551168065496513,-0.24864010170704795,0.17919916715267867,-0.8581843072909203,-1.476775928789046,-0.7201478866603254,2.135131753303232,1.010434119263029
2000-06-01,-0.500267499636934,0.884367241179297,0.8183718842698403,0.17562237528528263,-0.8581843072909203,-1.4869756804740961,-0.8763644687630654,2.263440966177375,1.010434119263029
2000-07-01,0.29934249310080313,-0.1046193949390133,0.052782078608114916,0.17206138371305418,-0.8581843072909203,-1.395177915308658,-1.1218476692102266,2.2683759359033036,-0.3403625232508913
2000-08-01,-0.4997907542814012,0.1334133133119826,-0.55395845591583,0.1685160879714978,-0.8070978937134846,-1.507375183844193,-1.3896475242434942,2.2486360569995893,-0.3403625232508913
2000-09-01,1.2905213283699881,-0.5660730628328074,0.8080476398124058,0.16498638451469624,-0.9092707208683564,-1.3849781636236098,-1.3375753302092475,2.2585059964514462,-0.3403625232508913
2000-10-01,-1.4184315819578335,0.05751677261184588,-0.10230876614063641,-0.23805001172536186,-0.9092707208683564,-1.272780895088075,-1.464036372863846,2.253571026725518,0.05018881732554854
2000-11-01,-0.24777989527399766,1.1130494244525604,-0.4036681281113375,0.5577124074976327,-0.9092707208683564,-1.2625811434030267,-1.5309863366221634,2.253571026725518,0.05018881732554854
2000-12-01,-1.8972428839507414,0.4828329438585785,-0.7041624595802675,-0.64106337652591,-0.9092707208683564,-1.2115823849777831,-1.5756196457943743,2.199286359740304,0.05018881732554854
2001-01-01,-0.26025854119011166,1.2059986634041846,1.0992351499336463,0.9474388863879193,-0.7560114801360485,-0.6913950490403058,-1.1516032086583674,1.9920176312513043,-0.6803899803270855
2001-02-01,0.8426003985971209,0.7177977770138513,0.49146484086246695,0.5436143778268435,-0.7560114801360485,-0.6505960423001124,-0.987947741693593,1.7502041146808043,-0.6803899803270855
2001-03-01,-2.410039948808098,0.3124589846020626,0.04104762003368499,-0.25169963075637886,-0.7049250665586126,-0.5383987737645777,-0.7945367352806778,1.66137465961409,-0.6803899803270855
2001-04-01,-1.4465730514820216,1.4642036091809048,0.48493836171119586,0.14070653480234183,-0.6538386529811765,-0.1712077131028294,-0.1845481765937911,1.409691203591733,0.07181562185242513
2001-05-01,1.7134524492672059,1.2191877843330738,0.6286539595949703,-0.6496593050238735,-0.7049250665586126,0.05318682396824001,0.2022738362320396,1.1185279897619478,0.07181562185242513
2001-06-01,-0.2688807292753199,0.013059978566133256,-0.11247533203315815,1.3147609747113858,-0.6027522394037407,0.12458508576358036,0.2171516059561107,1.0000887163396623,0.07181562185242513
2001-07-01,-0.6873958493179642,-0.299356022508977,-1.2885235412524045,0.12968223360892434,-0.551665825826305,0.12458508576358036,0.1725182967838994,0.9013893218210909,-0.7381221766767913
2001-08-01,-0.3735635429196593,0.2944129185954079,-0.55395845591583,-0.26441333170336884,-0.39840658509399685,0.1347848374486287,0.08325167843947653,0.842169685109948,-0.7381221766767913
2001-09-01,-1.5256975836194946,0.10332223353975956,0.6246563965002926,0.12380966181011298,-0.3473201715165611,0.5427749048505722,0.46263480640327254,0.5559414410060911,-0.7381221766767913
2001-10-01,-2.068520126899017,1.5095395168323182,-1.4339534207386082,-0.2687989129921169,-0.1940609307842534,0.7773691936066895,0.708118006850434,0.26971319690223444,-0.20387402563968512
2001-11-01,0.1510527047439825,0.36276304909973284,-0.9954415797984439,1.2839291026685775,-0.09188810362938146,0.8079684486618356,0.9833567467457367,0.0723144078650916,-0.20387402563968512
2001-12-01,1.5573517423539844,0.12464978629604537,-1.5858277866141526,-0.27500740659135126,0.010284723525490485,0.9201657171973694,1.4520064930539547,-0.0609297747349796,-0.20387402563968512
2002-01-01,-0.014431244065738261,0.033850320940161424,0.03801702881496214,-0.27685710269409614,0.010284723525490485,0.9507649722525153,1.4445676081919196,-0.10534450226833673,0.2385106097719214
2002-02-01,-0.3645108649511399,0.17669644653395197,0.47965881831277934,0.10727096312615736,0.010284723525490485,0.8283679520319323,1.2883510260891802,-0.10040953254240817,0.2385106097719214
2002-03-01,-0.5511973185711938,0.41869815303250424,0.9168242796287565,-1.0514611182081415,0.010284723525490485,0.6549721733861065,1.5115175719502363,-0.10534450226833673,0.2385106097719214
2002-04-01,0.5989061928917568,-0.11967829235142931,0.9085984254031237,0.4881427923866994,0.11245755068036244,0.7263704351814464,1.5189564568122713,-0.09547456281647959,0.06252699839390763
2002-05-01,-1.4974092074258925,0.08087461220495117,-0.55395845591583,-0.28480484804557205,0.06137113710292623,0.8385677037169811,1.4743231476400604,-0.09547456281647959,0.06252699839390763
2002-06-01,-0.27633127678562114,0.5559524847657419,-0.40851620320180876,-0.6699545184164353,0.06137113710292623,0.8793667104571745,1.3255454503993558,-0.09547456281647959,0.06252699839390763
2002-07-01,-1.87660770176842,0.6024385648221297,-0.2632356428198611,-0.2878327442364814,0.06137113710292623,1.032362985732904,1.132134443986441,-0.10534450226833673,-0.09995160975205977
2002-08-01,-1.999365651837306,2.5819636174453415,0.3172414454050742,0.8573328538055878,0.010284723525490485,1.073161992473098,0.8866512435392788,-0.10040953254240817,-0.09995160975205977
2002-09-01,0.01169652056191569,1.502096229165034,-0.11980488029906064,-0.6743675390582295,0.010284723525490485,0.8079684486618351,0.5890958490578706,-0.09547456281647959,-0.09995160975205977
2002-10-01,-2.648050851645936,1.039496482454479,-0.12052447186083488,-0.6751644538727044,0.010284723525490485,0.9711644756226125,0.6783624674022932,-0.09547456281647959,-0.32323985692468077
2002-11-01,1.647559149860758,1.7481614925423006,-0.55395845591583,0.08469715079200221,0.11245755068036244,1.073161992473098,1.0279900559179476,-0.2978083215795508,-0.32323985692468077
2002-12-01,1.2126550857077534,0.6684067181324908,-1.1309141544923913,-0.6775452316897784,0.16354396425779819,1.1343605025833898,1.0428678256420185,-0.3471580188388365,-0.32323985692468077
2003-01-01,-1.4593359291524097,0.35705354559462166,0.6025044313360165,-0.29919499956223833,0.06137113710292623,1.256757522803972,1.0726233650901589,-0.3471580188388365,-0.005263564205002889
2003-02-01,-0.7051477192535527,0.7161747130776177,1.460941040681619,-1.058067214646207,0.11245755068036244,1.2159585160637782,0.9610400921596309,-0.33728807938697936,-0.005263564205002889
2003-03-01,-0.4487383340742378,0.41318935461583,1.017072059746685,-1.436616559018107,0.11245755068036244,1.1853592610086328,0.923845667849455,-0.3422230491129079,-0.005263564205002889
2003-04-01,-0.09332802623443635,1.0179359631342255,-1.1218307042976146,-1.436616559018107,0.16354396425779819,1.2873567778591182,1.035428940779983,-0.33728807938697936,0.27723889137985447
2003-05-01,1.6961762160270082,0.2307931562969188,-0.9807895283529956,0.07679422242931322,0.21463037783523392,1.0935614958431952,0.7899457403328208,-0.33728807938697936,0.27723889137985447
2003-06-01,1.0662964715166718,-0.06766270976861209,-0.26893919664626187,-1.0590484208265598,0.3168032049901059,1.0425627374179525,0.7229957765745044,-0.35702795829069367,0.27723889137985447
2003-07-01,0.09806455189901023,-0.07598305129196258,-0.2692495061283263,0.07287346910953854,0.26571679141267013,1.460752556504944,1.221401062330863,-0.4606623225351935,0.8868715136782981
2003-08-01,0.2626132536099221,-0.0487878029591335,0.44143914748752855,-0.6834325480857842,0.21463037783523392,1.5423505699853326,1.533834226536342,-0.45079238308333636,0.8868715136782981
2003-09-01,0.32027520308390955,-0.4223040535832254,0.2960041780380739,-1.0604135948799993,0.21463037783523392,1.5117513149301867,1.407373183881743,-0.4606623225351935,0.8868715136782981
2003-10-01,-0.3898020661978882,-0.20949611667487147,-0.8363614476866865,-0.30859032478236814,0.16354396425779819,1.49135181156009,1.4371287233298842,-0.4606623225351935,0.49327798520946325
2003-11-01,1.038190736825969,-0.6652838439032656,-1.2607291866721066,-1.436616559018107,0.06137113710292623,1.317956032914264,1.437128723329884,-0.4655972922611221,0.49327798520946325
2003-12-01,0.10410499185029852,-0.5665372190882546,-0.8374328953519389,-0.6857619831711457,0.010284723525490485,1.3077562812292147,1.444567608191919,-0.4754672317129792,0.49327798520946325
2004-01-01,0.9690477565344954,-0.6835223479221073,0.7230608242894444,0.06354603330230317,0.010284723525490485,1.3383555362843618,1.3627398747095323,-0.4655972922611221,0.02625553237278318
2004-02-01,0.30131789521918956,-0.5613045265604462,0.8580565029385394,-0.3138073011996143,-0.04080169005194571,1.2873567778591182,1.280912141227145,-0.4606623225351935,0.02625553237278318
2004-03-01,0.16332660168318064,-0.7811261837122223,1.1313595057156909,0.805545386302151,0.06137113710292623,1.195559012693681,1.0875011348142294,-0.4655972922611221,0.02625553237278318
2004-04-01,-0.4433948579333398,-0.09160890372415277,0.2833046296118599,0.05357052757336822,-0.04080169005194571,1.2261582677488265,1.4668842627780248,-0.4655972922611221,0.19021815553158122
2004-05-01,-0.5739262779678971,-0.353229626955962,0.976124987795925,-0.3212583069943612,-0.04080169005194571,1.1343605025833894,1.6826119237770456,-0.4655972922611221,0.19021815553158122
2004-06-01,0.24250286885294037,-0.38500315121497747,0.2757776743215699,0.04825385601061076,-0.04080169005194571,0.9099659655123215,1.5040786870882012,-0.45079238308333636,0.19021815553158122
2004-07-01,0.2731369740116632,-0.5671548676425621,-0.9675143394896037,-0.6956919012646269,-0.09188810362938146,0.7977686969767863,1.2809121412271445,-0.33728807938697936,0.3267263509998482
2004-08-01,-0.8827103323719011,-0.4472828746269363,-0.4158881442052694,-1.066530716248021,-0.1429745172068172,0.7059709318113496,1.0131122861938775,-0.25339359404619377,0.3267263509998482
2004-09-01,-0.08661757276433471,-0.334482036841852,-0.0019686503647637385,0.7827707601435842,-0.1429745172068172,0.5325751531655234,0.7676290857467157,-0.16456413897947947,0.3267263509998482
2004-10-01,0.08429880132495138,-0.6756921915185397,0.8231093185961577,0.03848002543065254,-0.09188810362938146,0.4509771396851343,0.6634846976782224,-0.09053959309055103,0.38298024288610377
2004-11-01,0.14800984811823195,-0.3043353040966914,-0.4169730340301059,0.035498526523270124,-0.1429745172068172,0.2673816093542606,0.4923903458514134,-0.006645107749765424,0.38298024288610377
2004-12-01,0.84386141037948,-0.6603393365112415,-1.5123543683026084,-0.33475734786597044,-0.1429745172068172,0.14498458913367798,0.4403181518171667,0.10685919594659171,0.38298024288610377
2005-01-01,0.5298171309168976,-0.9079289698437121,-0.004289154013965008,0.03030980265676888,-0.1940609307842534,-0.07940994793739187,0.321295994024603,0.16607883265773435,0.45297566216427143
2005-02-01,-0.6547620761909111,-0.6236985024410456,0.954461509568243,0.027361206954906906,-0.1429745172068172,-0.2936047333234115,0.1278849876116878,0.2746481666281629,0.45297566216427143
2005-03-01,0.3264306767546434,-0.5592167758283839,1.4911810413194893,1.120205191233063,-0.24514734436168914,-0.31400423669350874,0.2097127210940753,0.3388027730652342,0.45297566216427143
2005-04-01,-0.5594138907124058,-0.5468304307119439,1.2047416035449188,-1.0726340809713568,-0.24514734436168914,-0.39560225017389744,0.06093502385337106,0.41776228868009135,-0.032068845739463656
2005-05-01,-0.569624595301382,-0.08926736277801563,-0.8227201932023781,-0.3452145531665414,-0.2962337579391254,-0.5893975321898208,-0.13247598255954446,0.5213966529245913,-0.032068845739463656
2005-06-01,0.5759803718262206,-0.6421726774855349,-0.4194393353500662,-1.07336023055353,-0.3473201715165611,-0.7321940557805006,-0.34076475869653006,0.5411365318283056,-0.032068845739463656
2005-07-01,-0.10743114893793633,-0.8232073973417082,0.6560911756617724,-0.347390828352659,-0.3473201715165611,-0.7831928142057438,-0.39283695273077673,0.6497058657987339,0.1971885787489016
2005-08-01,0.7079265255419616,-0.7503889714744965,0.7843484549327884,-0.7115504180808914,-0.39840658509399685,-0.8749905793711809,-0.5044202256613047,0.7681451392210196,0.1971885787489016
2005-09-01,-0.3547924514553106,-0.5923983700411535,2.641624074183857,-0.7122715181711825,-0.3473201715165611,-0.8443913243160348,-0.5267368802474102,0.8273647759321624,0.1971885787489016
2005-10-01,0.03918763484516761,-0.7309673858578192,-0.027791111087233946,1.096072248731993,-0.3473201715165611,-0.9055898344263259,-0.5564924196955511,0.9063242915470193,0.01748438740967916
2005-11-01,-0.6832684964662357,-0.0875974385090236,-2.654401591496751,0.36617784338673415,-0.3473201715165611,-0.9769880962216663,-0.6308812683159032,1.0148936255174479,0.01748438740967916
2005-12-01,0.8316294738501786,-0.8755300677276975,-1.6126838420689487,-0.35761072409716976,-0.39840658509399685,-1.02798685464691,-0.6829534623501499,1.093853141132305,0.01748438740967916
2006-01-01,-0.18502455419384228,-0.8331248031659052,1.4392211963694086,-7.032909408944848e-05,-0.5005794122488688,-1.0789856130721527,-0.9953866265556282,1.1580077475693762,0.638075940605944
2006-02-01,0.39529298313800676,-0.4793170880089247,-0.026464415815378714,-0.0028981760032371615,-0.44949299867143305,-1.2013826332927349,-1.032581050865804,1.2567071420879476,0.638075940605944
2006-03-01,-0.012501979317199303,-0.6130802846521424,0.893729955849723,1.0674613240864639,-0.5005794122488688,-1.1095848681272986,-0.987947741693593,1.3060568393472332,0.638075940605944
2006-04-01,0.22872213816377873,-0.8072213257596175,1.6710605112798425,0.3458820669524825,-0.5005794122488688,-0.997387599591763,-0.8540478141769589,1.4047562338658046,-0.21652002975315837
2006-05-01,0.14235319079860992,-0.7629835156684655,0.7438339529170606,0.6971596282032461,-0.551665825826305,-0.9565885928515686,-0.8540478141769589,1.4787807797547332,-0.21652002975315837
2006-06-01,-0.8337045164817339,-0.15015900532094623,-0.03740503294332003,0.33633606652127834,-0.551665825826305,-1.1095848681272977,-0.9135588930732406,1.503455628384376,-0.21652002975315837
2006-07-01,-0.08273917592831702,-0.11999596076098194,0.2193441671886293,-0.02169875703344285,-0.5005794122488688,-1.1299843714973954,-1.0474588205898747,1.6268298715325902,-0.3024242712568411
2006-08-01,-0.040576413334104736,-0.3412663456255028,-0.03994337900215329,0.32860142103905265,-0.5005794122488688,-1.119784619812347,-1.211114287554649,1.6317648412585186,-0.3024242712568411
2006-09-01,0.3468137063301596,-0.9326231160690807,-1.8364752307065393,-0.027856523096386268,-0.6027522394037407,-1.1503838748674922,-1.211114287554649,1.6317648412585186,-0.3024242712568411
2006-10-01,0.46117752650980925,-0.8514010463679739,-1.9716799316073197,-0.03057613706521974,-0.6538386529811765,-1.1707833782375887,-1.292942021037036,1.6317648412585186,0.25666535851428285
2006-11-01,0.5604615752970518,-0.9869040603984853,-0.9427173811584073,-0.7349509149221093,-0.6027522394037407,-1.24218164003293,-1.404525293967565,1.6317648412585186,0.25666535851428285
2006-12-01,0.3038703799377806,-0.709211333621666,-0.16462073326594548,-0.3851310846608378,-0.6538386529811765,-1.211582384977784,-1.3598919847953534,1.6268298715325902,0.25666535851428285
2007-01-01,0.15886962239140637,-0.9243101578055659,0.24429320391551532,0.3133328368770534,-0.551665825826305,-1.2217821366628323,-1.3152586756231424,1.6317648412585186,-0.18330871150064015
2007-02-01,0.1961155967636703,-0.7903696601586917,0.8451903244244209,0.431341169341391,-0.6027522394037407,-1.2319818883478808,-1.3822086393814592,1.636699810984447,-0.18330871150064015
2007-03-01,-0.5899847201467281,-0.034318183138476295,1.8272280890491068,-0.4510470005235162,-0.6538386529811765,-1.1095848681272986,-1.4417197182777408,1.636699810984447,-0.18330871150064015
2007-04-01,0.11904465803741791,-0.2096528927411864,1.1448216742347646,-0.292396765160585,-0.6027522394037407,-1.0789856130721518,-1.292942021037036,1.6317648412585186,0.06178315402758631
2007-05-01,0.8390531019074959,-0.8346564166464759,1.0440260722559997,-0.3566950350117936,-0.6538386529811765,-1.119784619812346,-1.1441643237963324,1.6317648412585186,0.06178315402758631
2007-06-01,0.6131197374558968,-0.768813727561352,-0.04716792716566775,-0.278546571286694,-0.551665825826305,-0.9769880962216672,-0.7870978504186428,1.6317648412585186,0.06178315402758631
2007-07-01,-0.4749537100468742,-0.14978162321066146,-0.6204794109828865,-0.11768178205059149,-0.5005794122488688,-0.9157895861113752,-1.025142166003769,1.636699810984447,0.03363934522188901
2007-08-01,-0.861467200378027,0.09478615026164428,-1.0335333702701603,-0.24100890174809397,-0.551665825826305,-0.7321940557805001,-0.7945367352806778,1.5182605375621614,0.03363934522188901
2007-09-01,0.14685079672163648,0.6887226768381751,0.1667255796735744,0.0640683072356904,-0.5005794122488688,-0.579197780504772,-0.6606368077640443,1.4787807797547332,0.03363934522188901
2007-10-01,0.7178024528520323,-0.18854816603545418,0.0054511368195581545,0.36394516457452347,-0.5005794122488688,-0.5281990220795288,-0.6606368077640438,1.3899513246880189,0.07475552306350705
2007-11-01,0.16323728305730337,-0.20258383634318877,0.9992823280627915,0.5655608161201908,-0.5005794122488688,-0.2732052299533139,-0.45978691648909314,1.2567071420879476,0.07475552306350705
2007-12-01,-1.0355280218822818,0.9854795825325541,-0.7293926329359244,0.3032080473693601,-0.3473201715165611,-0.09980945130748904,-0.28869256466228377,1.1333328989397335,0.07475552306350705
2008-01-01,-0.39792526803813705,0.1619681491997135,0.7458729914386069,0.623647410989665,-0.3473201715165611,0.1857835958738719,-0.3705202981446706,0.9852838071618765,-0.7588354165907627
2008-02-01,-1.5528596329993625,0.6029322580543613,0.20548189581257822,-0.8642318029940269,-0.39840658509399685,0.7059709318113494,0.11300721788761771,0.5115267134727342,-0.7588354165907627
2008-03-01,-0.734111338196566,0.25958844203021203,1.7128240434912145,0.20088861513386916,-0.2962337579391254,0.8283679520319318,0.6039736187819408,0.3289328336133771,-0.7588354165907627
2008-04-01,-0.34492873201885166,1.1179499779980844,1.0320124502036265,-0.9610729931192981,-0.3473201715165611,0.5631744082206694,0.708118006850434,0.16607883265773435,0.04892047260087608
2008-05-01,0.9118867870086529,-0.2587720895189933,1.6481467805676846,-0.1602757643550451,-0.1429745172068172,0.3591793745196972,0.5221458852995539,0.01802974087987743,0.04892047260087608
2008-06-01,0.19781339373513243,-0.12141836790321217,2.081228344460643,0.21701299593278084,-0.04080169005194571,0.2571818576692113,0.5890958490578706,0.027899680331734573,0.04892047260087608
2008-07-01,-2.1165170723679303,0.2599239226889347,0.8192081038100377,0.3924552053499514,0.06137113710292623,0.369379126204746,0.6932402371263633,0.032834650057663034,-0.8369585152011724
2008-08-01,-0.34591412364227686,0.5905770285292111,-1.5977726236591148,0.006787630126505944,0.21463037783523392,0.39997838125989205,0.5370236550236244,0.027899680331734573,-0.8369585152011724
2008-09-01,0.2053176702893434,0.3194507249377952,-0.9156249550307496,-0.3595703498390402,0.21463037783523392,0.5427749048505718,0.8345790495050325,-0.06586474446090816,-0.8369585152011724
2008-10-01,-2.3796947752424846,3.0998950492199344,-3.195509337562991,-1.184556597719695,0.4189760321449778,1.1445602542684383,1.2660343715030744,-0.4804022014389078,-2.1644881947903727
2008-11-01,-4.22699150488667,7.1983963138313545,-5.5625396120872495,-0.9024343107716053,0.5722352728772855,1.266957274489021,1.4296898384678487,-0.7666304455427647,-2.1644881947903727
2008-12-01,-1.7741901065856918,5.023492012614855,-3.2585688328699445,-1.510474398253322,0.8276673407644651,0.5325751531655234,0.7229957765745044,-0.8801347492391217,-2.1644881947903727
2009-01-01,0.07890661273474474,1.676198645104834,0.5842211914077557,-0.02310274945899671,1.0830994086516448,0.6447724217010576,0.7229957765745044,-0.8850697189650503,-1.3216439667501403
2009-02-01,-2.0804564382146786,2.1188377548146757,0.7464892449258984,0.05793455580756555,1.3385314765388248,0.8283679520319323,0.8568957040911382,-0.8505249308835503,-1.3216439667501403
2009-03-01,-2.713775939883831,1.742808257750257,0.08195633823847506,0.10503621372599807,1.5428771308485678,0.8283679520319318,0.8792123586772435,-0.8702648097872646,-1.3216439667501403
2009-04-01,1.6690160835079881,2.745716123652953,0.09885475589793649,0.07508320764222938,1.696136371580876,0.9405652205674665,1.0056734013318422,-0.8850697189650503,-0.5622653323692682
2009-05-01,2.0014975473710006,1.2631858916832053,0.20146822272782464,-0.7772421941758811,1.9004820258906199,1.3077562812292152,1.2585954866410392,-0.8702648097872646,-0.5622653323692682
2009-06-01,1.1437642717008805,1.0041387151373553,1.6923427841136307,-0.7445669883255268,1.9515684394680557,1.49135181156009,1.5784675357085531,-0.8554599006094789,-0.5622653323692682
2009-07-01,-0.15651006822810776,0.212495649749717,-0.9685976341455433,-0.9346921106796952,1.9515684394680557,1.49135181156009,1.4594453779159897,-0.8801347492391217,-0.1435799968785816
2009-08-01,1.4864605712978969,0.3864437707627932,0.03255842718876874,-0.6626572376224689,2.0026548530454913,1.4199535497647495,1.4892009173641305,-0.8801347492391217,-0.1435799968785816
2009-09-01,0.6791030358111756,0.014695218443194942,-0.39039202059386896,-0.029704952636522366,2.104827680200364,1.389354294709604,1.3850565292956376,-0.8850697189650503,-0.1435799968785816
2009-10-01,0.646729667658882,-0.1069671594153703,-0.302102516225368,0.4875336470118145,2.2070005073552355,1.3893542947096045,1.4148120687437786,-0.899874628142836,0.43064438285693746
2009-11-01,-0.5809391179575634,0.35057079219737985,-0.36887729062942043,-0.8916109814274805,2.1559140937777994,1.5525503216703809,1.4371287233298842,-0.899874628142836,0.43064438285693746
2009-12-01,1.2110812409942733,0.22223015741181865,-1.0145208832939652,-0.7269887876674046,2.1559140937777994,1.674947341890964,1.5784675357085531,-0.899874628142836,0.43064438285693746
2010-01-01,0.2864502407271884,-0.61189190014445,0.33972855231438465,-2.2543671883874707,2.104827680200364,1.7565453553713526,1.6751730389150106,-0.9048095978687645,-0.03847093456804819
2010-02-01,-0.9793227616487716,-0.01315988851744369,-0.48878943700598754,-1.1131099395187565,2.104827680200364,1.7871446104264987,1.608223075156694,-0.8949396584169074,-0.03847093456804819
2010-03-01,0.5533949876478321,0.14341533715065372,0.5198559199431118,-1.2650361973755069,2.1559140937777994,1.725946100316207,1.608223075156694,-0.8801347492391217,-0.03847093456804819
2010-04-01,1.1955718829108548,-0.850153559034491,-0.09975407141377376,-1.3079615964335114,2.1559140937777994,1.7463456036863043,1.690050808639081,-0.8603948703354074,0.34164757925278044
2010-05-01,0.20568102035745428,-0.10769180754239917,-0.35124033971788177,-0.9748597983692009,2.0026548530454913,1.5423505699853326,1.370178759571567,-0.8603948703354074,0.34164757925278044
2010-06-01,-2.0149702667988305,1.4523893415917979,-0.8092573462296959,-0.6719044648635348,1.9004820258906199,1.4301533014497987,1.2362788320549336,-0.8702648097872646,0.34164757925278044
2010-07-01,-1.3438154761291887,0.8983805351532843,-0.498769605240383,-0.8801476194510224,1.9004820258906199,1.3383555362843609,1.0651844802281236,-0.8702648097872646,0.1871760269057194
2010-08-01,1.3532988989150905,0.3234219738163156,-0.19290760855340927,-0.9562470978550647,1.9515684394680557,1.124160750898341,0.8345790495050325,-0.8653298400613361,0.1871760269057194
2010-09-01,-1.1830815876239273,-0.05337195534555836,-0.4018314237864121,-0.7724338594823957,1.9515684394680557,1.1139609992132924,0.8048235100568917,-0.8653298400613361,0.1871760269057194
2010-10-01,1.799065345296318,-0.06794688863558541,-0.22833250842789354,-1.0456971022027073,1.9004820258906199,1.103761247528244,0.7378735462985749,-0.8653298400613361,-0.006470409468423045
2010-11-01,0.7066311882904737,-0.5678535733642193,-0.44395724118526114,-0.3892517688440615,2.104827680200364,1.256757522803972,0.8940901284013139,-0.8653298400613361,-0.006470409468423045
2010-12-01,-0.14167671492455317,-0.1311621284547268,-0.10457730454765236,-0.8005758202216992,1.849395612313184,1.6239485834657212,1.28835102608918,-0.8702648097872646,-0.006470409468423045
2011-01-01,1.3226040083567652,-1.0056369684481044,0.6916508309069871,0.07020538609782079,1.7472227851583118,1.736145852001256,1.355300989847497,-0.8751997795131932,-0.6086258409576981
2011-02-01,0.3794989672103064,-0.6001746623935675,0.7356189952699587,-0.09635244760878067,1.696136371580876,1.7667451070564015,1.5115175719502363,-0.8801347492391217,-0.6086258409576981
2011-03-01,0.6309912405443439,-0.29562177053435656,1.9959972968084767,-0.6502498411487508,1.696136371580876,1.6647475902059157,1.4073731838817434,-0.8900046886909789,-0.6086258409576981
2011-04-01,-0.13895664879605837,-0.024119819270558153,1.1299856619027469,-0.5467967292991084,1.7472227851583118,1.6851470935760129,1.47432314764006,-0.909744567594693,0.11281503383364197
2011-05-01,0.504344715545233,-0.7271145337946068,0.67621090489203,0.021818786202059317,1.696136371580876,1.5627500733554298,1.2734732563651094,-0.9146795373206217,0.11281503383364197
2011-06-01,-0.3968666890687922,-0.5272116848042084,-0.8340218785491577,0.2593250309644023,1.7472227851583118,1.5423505699853326,1.147012213710511,-0.9146795373206217,0.11281503383364197
2011-07-01,-0.5266541659279418,-0.12235427903488276,-0.32225293285665824,0.2521437581901944,1.696136371580876,1.5423505699853326,1.147012213710511,-0.9245494767724788,-0.4385721844720627
2011-08-01,-0.5989241695775195,-0.05655917678319119,0.16716529983452602,0.6460048852717557,1.696136371580876,1.0119634823628063,0.641168043092117,-0.909744567594693,-0.4385721844720627
2011-09-01,-1.4211266905480289,3.0152635024161953,-0.1568727616358283,-0.611102713066524,1.696136371580876,0.7059709318113492,0.4105626123690257,-0.9196145070465502,-0.4385721844720627
2011-10-01,-1.7696784186064216,1.2283058366507338,-1.0933606293916964,-0.186863650511203,1.5939635444260045,0.8079684486618349,0.5295847701615889,-0.9245494767724788,0.4637166104703435
2011-11-01,2.2023251942252515,1.2031380631067898,-0.7745541053588826,-0.17292697526033732,1.491790717271132,0.6957711801263005,0.4328792669551312,-0.9196145070465502,0.4637166104703435
2011-12-01,-0.2338141067841028,1.3704980993102471,-1.198965241363994,0.1876058611653683,1.4407043036936964,0.6549721733861062,0.4105626123690257,-0.9245494767724788,0.4637166104703435
2012-01-01,0.09351825086021474,0.24195846189369236,0.596714353237145,0.0750971632210317,1.3385314765388248,0.6651719250711549,0.3882459577829201,-0.9196145070465502,0.24026570523196208
2012-02-01,0.8840523661219326,-0.7101015528084164,0.5974418927885364,-0.9348211020140279,1.3385314765388248,0.6243729183309605,0.3436126486107088,-0.909744567594693,0.24026570523196208
2012-03-01,0.8197589988676575,-0.7745531606257277,1.4320578909948132,-0.01850325694126468,1.2874450629613883,0.7671694419216405,0.4998292307134481,-0.8949396584169074,0.24026570523196208
2012-04-01,0.5746562809207354,-0.44781668916056033,0.23605637927120685,-0.07545068409769214,1.2874450629613883,0.6957711801263005,0.4105626123690255,-0.8900046886909789,-0.06855412908221085
2012-05-01,-0.2932465503371492,-0.20432580020678587,-0.8608293775428575,-0.4216237392705882,1.2874450629613883,0.44077738800008615,0.21715160595611036,-0.8801347492391217,-0.06855412908221085
2012-06-01,-1.5430954163568646,-0.32320423178067015,-0.9374288230285011,-0.16884683817714619,1.2874450629613883,0.25718185766921176,0.0832516784394767,-0.8801347492391217,-0.06855412908221085
2012-07-01,0.7584286052227932,0.4210650348423406,-0.980155885395136,-0.33598577863310286,1.2874450629613883,0.20618309924396883,0.008862829819124571,-0.8801347492391217,-0.3071066554342883
2012-08-01,0.12442560997454674,-0.2136674055733442,0.9013591825115563,-0.6036796070490389,1.2363586493839525,0.3387798711496003,0.12044610274965259,-0.8949396584169074,-0.3071066554342883
2012-09-01,0.41821094285295823,-0.7124533734242653,0.6129331233967904,-0.0889899032760414,1.0830994086516448,0.3897786295748432,0.14276275733575822,-0.8900046886909789,-0.3071066554342883
2012-10-01,0.4247922036062043,-0.4597497865689264,-0.6556643910611973,-0.2840924321528485,1.0830994086516448,0.39997838125989177,0.17251829678389907,-0.8801347492391217,-0.3295320448929269
2012-11-01,-0.5572418665147333,-0.5287220172166051,-1.792992624335319,-0.47191741432786366,1.032012995074209,0.3081806160944545,0.10556833302558216,-0.8801347492391217,-0.3295320448929269
2012-12-01,-0.013979253224716236,-0.0940281331108603,-1.2582087442713286,-0.19298222393074688,1.134185822229081,0.3897786295748432,0.17251829678389907,-0.8801347492391217,-0.3295320448929269
2013-01-01,0.05959559045970652,-0.4783652491625501,0.21939188092026957,0.14749298911040368,1.1852722358065166,0.5733741599057176,0.3138571091625679,-0.8900046886909789,0.3565530456973005
2013-02-01,0.9879500165645327,-0.6071570633399175,1.5877766115513865,-0.370290479526194,1.032012995074209,0.6447724217010576,0.3436126486107088,-0.8850697189650503,0.3565530456973005
2013-03-01,0.14520349533750554,-0.32538941017499884,0.129749056900657,-0.7319912169535845,0.9298401679193371,0.6345726700160091,0.3361737637486736,-0.8900046886909789,0.3565530456973005
2013-04-01,0.7016020720924637,-0.8344208331834961,-0.8258295545050773,-1.3177281870423672,0.9809265814967728,0.4611768913701833,0.20971272109407513,-0.8850697189650503,-0.20950844897508922
2013-05-01,0.2889184807664885,-0.17569219909728503,-0.08837261773833566,-0.9236031161676891,0.9298401679193371,0.6141731666459119,0.351051533472744,-0.9048095978687645,-0.20950844897508922
2013-06-01,0.3863428791745577,-0.5791411446369564,0.07357761587071812,-0.33003771537135573,0.9298401679193371,0.9099659655123206,0.6188513885060115,-0.9146795373206217,-0.20950844897508922
2013-07-01,-0.4456566447908673,0.12954088072927222,-0.4509260638585056,0.217612442237265,0.8276673407644651,1.1853592610086328,0.8345790495050325,-0.9146795373206217,0.2503316926786106
2013-08-01,0.9984299733157818,-0.8793470269977024,-0.23938563413493275,-0.01658066031510986,0.7765809271870294,1.3281557845993128,0.9536012072975959,-0.9196145070465502,0.2503316926786106
2013-09-01,-0.8307194624277559,-0.637301526285523,-0.24982676984449287,-0.30528490856742496,0.7765809271870294,1.3587550396544583,1.0205511710559125,-0.9196145070465502,0.2503316926786106
2013-10-01,0.5633111120396253,-0.7462518560738827,-1.2274083435473737,-0.7508019215050735,0.7765809271870294,1.226158267748827,0.8568957040911382,-0.9146795373206217,0.2663284231901366
2013-11-01,0.8825915388002616,-0.33852723161135634,-1.088062941846547,-0.07867889020883705,0.6233216864547217,1.3689547913395073,0.91640678298742,-0.9196145070465502,0.2663284231901366
2013-12-01,0.5192061075680944,-0.7193666180074388,-0.5763986062901568,-0.19879869172345385,0.5211488592998498,1.511751314930187,1.0503067105040536,-0.9146795373206217,0.2663284231901366
2014-01-01,0.4374835978941245,-0.627472303159795,0.4189055457289206,-0.8125791072496816,0.47006244572241357,1.4199535497647495,1.042867825642018,-0.9245494767724788,-0.694096916083961
2014-02-01,-0.9536394101097776,-0.3451659184855291,0.41306377590478194,-0.7452070369359456,0.5211488592998498,1.3281557845993124,0.923845667849455,-0.9245494767724788,-0.694096916083961
2014-03-01,0.8654715690322782,-0.3564653231956496,1.130146380567074,-0.07977877096427784,0.5211488592998498,1.2669572744890214,0.9312845527114904,-0.9196145070465502,-0.694096916083961
2014-04-01,0.04526058485506785,-0.5927192259944659,0.30815987905761866,-0.06075586998911818,0.26571679141267013,1.2363580194338755,0.9387234375735255,-0.9146795373206217,0.5961108447743219
2014-05-01,0.015064840351643509,-0.30680123551804,0.35937707537630903,-0.032628214012367776,0.3168032049901059,1.1139609992132924,0.8271401646429974,-0.9146795373206217,0.5961108447743219
2014-06-01,0.37741857533144546,-0.7845682330733083,-0.06700263213162504,-0.4922042427113736,0.21463037783523392,1.0935614958431952,0.8494568192291029,-0.909744567594693,0.5961108447743219
2014-07-01,0.32071940419049905,-1.0152528772798939,-0.6559961949948913,-0.34031211518211024,0.26571679141267013,0.9711644756226125,0.812262394918927,-0.9146795373206217,0.5361643306178314
2014-08-01,-0.4478023146413929,-0.5715719500334039,-0.9908065474632372,-0.7944994822530964,0.21463037783523392,0.8895664621422236,0.7229957765745044,-0.9146795373206217,0.5361643306178314
2014-09-01,0.7341173018573546,-0.8157922904407178,-0.35715781729187646,-0.2726589004298029,0.11245755068036244,0.8997662138272722,0.8122623949189267,-0.9146795373206217,0.5361643306178314
2014-10-01,-0.4560351627282943,-0.6635845663030463,-1.2109320933291972,-0.20131289749073064,0.010284723525490485,0.7875689452917377,0.641168043092117,-0.9146795373206217,-0.02173869385731094
2014-11-01,0.38504864407840167,0.1815520411973889,-1.9659341645449353,-0.6236101056038805,0.06137113710292623,0.736570186866495,0.6634846976782227,-0.9146795373206217,-0.02173869385731094
2014-12-01,0.47156007300599817,-1.0248146318657378,-2.036719160459049,-1.0533783867289181,-0.04080169005194571,0.5019758981103775,0.5667791944717652,-0.899874628142836,-0.02173869385731094
2015-01-01,-0.19915109076688536,-0.06647966705132925,-1.7845736428300838,-0.746542643165027,0.010284723525490485,0.25718185766921153,0.3212959940246032,-0.9048095978687645,0.28892125118647183
2015-02-01,-0.8222361491029474,0.03810656957689649,0.5817702468424645,-0.34022503892808104,-0.09188810362938146,0.2877811127243573,0.4031237275069905,-0.9048095978687645,0.28892125118647183
2015-03-01,1.0956350906336842,-0.5353947638233321,1.0024475180474717,0.33134877910296473,-0.1429745172068172,0.3285801194645517,0.4403181518171667,-0.9048095978687645,0.28892125118647183
2015-04-01,-0.4998781312337214,-0.19123128040651857,-0.022351589114261775,0.35126906203143227,-0.1429745172068172,0.3285801194645517,0.37336818805884964,-0.899874628142836,0.06780159099560641
2015-05-01,0.07974952162180567,-0.7392776212852509,0.7789940733766684,-0.4045360729463375,-0.04080169005194571,0.5223754014804751,0.5667791944717652,-0.899874628142836,0.06780159099560641
2015-06-01,0.14737579224152264,-0.49609707522999463,0.3620601598676705,-0.3035372133206789,-0.1940609307842534,0.6039734149608633,0.6858013522643283,-0.8949396584169074,0.06780159099560641
2015-07-01,-0.6060217003839802,-0.4666708251926273,-0.536425277100746,0.07080626397228285,-0.24514734436168914,0.5835739115907661,0.6486069279541523,-0.8949396584169074,-0.10489289326935157
2015-08-01,0.36377006549518015,-0.4393153727011772,-0.9243220265594445,-0.6799579622706838,-0.2962337579391254,0.39997838125989177,0.5072681155754835,-0.8900046886909789,-0.10489289326935157
2015-09-01,-1.564633497255314,1.010284084301805,-0.9610583493804608,0.06013259918409645,-0.3473201715165611,0.3897786295748432,0.5444625398856594,-0.8900046886909789,-0.10489289326935157
2015-10-01,-0.7265375561953451,0.6013976496544354,-0.6715530816933851,-0.08362423531423839,-0.3473201715165611,0.3591793745196972,0.47007369126530724,-0.899874628142836,-0.2751585688229427
2015-11-01,1.7055143322137278,-0.32837234738794485,-1.105912288064882,-0.02338927756867861,-0.2962337579391254,0.3081806160944545,0.5295847701615889,-0.899874628142836,-0.2751585688229427
2015-12-01,-0.059125144548246536,-0.41844754302868536,-1.4475468419088589,-0.5241217067906523,-0.3473201715165611,0.1857835958738719,0.4403181518171667,-0.8406549914316932,-0.2751585688229427
2016-01-01,-0.536148486405737,0.19248256742650793,-0.1216636810780628,-0.22147915419536773,-0.44949299867143305,0.11438533407853155,0.3064182243005327,-0.7913052941724075,0.03639101172510865
2016-02-01,-1.297236481495469,0.6427946650886286,-0.33871968679906417,0.21357454100915707,-0.39840658509399685,-0.02841118951214847,0.03861836926726542,-0.7715654152686932,0.03639101172510865
2016-03-01,-0.1603701265681026,0.3720798961486214,0.5720828452376482,-0.24107844552224,-0.3473201715165611,-0.06921019625234305,0.1278849876116878,-0.7814353547205504,0.03639101172510865
2016-04-01,1.3313747468003658,-0.7135582822363529,0.6858553337420961,0.45296985084487246,-0.2962337579391254,-0.03861094119719705,0.12044610274965276,-0.7765003849946218,-0.1673006690101913
2016-05-01,-0.05267760001046168,-0.5763933955337194,0.5040368083674173,0.29446852278223923,-0.44949299867143305,-0.08960969962243988,0.0832516784394767,-0.7765003849946218,-0.1673006690101913
2016-06-01,0.2400209463294342,-0.5032662303376775,0.3049202782489543,-0.2489491427901287,-0.39840658509399685,-0.1712077131028287,-0.0357704793530867,-0.7715654152686932,-0.1673006690101913
2016-07-01,-0.06316551753049662,0.27498924814520537,-0.9771094921377628,-0.5863012029254057,-0.44949299867143305,-0.2528057265832173,-0.16223152200768515,-0.7666304455427647,0.13863580135196688
2016-08-01,0.6688830600339652,-0.7596199813213178,-0.31378423407156064,0.3090523881652007,-0.39840658509399685,-0.26300547826826576,-0.11759821283547388,-0.761695475816836,0.13863580135196688
2016-09-01,-0.11459772789257985,-1.0548469050968912,0.07469889225634933,-0.20818833272064496,-0.3473201715165611,-0.22220647152807166,-0.05808713393919234,-0.761695475816836,0.13863580135196688
2016-10-01,-0.14035836627608134,-0.19306088448298178,-0.22792727359922754,-0.5585546499696407,-0.39840658509399685,-0.16100796141778,0.008862829819124571,-0.761695475816836,0.01652536206009833
2016-11-01,-0.5374128518203622,-0.9092972160840547,-0.9607195150474025,-0.4456013541318851,-0.5005794122488688,0.083786079023386,0.2022738362320401,-0.7567605060909076,0.01652536206009833
2016-12-01,0.6768983338978485,-0.5537131531865442,-0.4683622194489089,-0.15501032835163986,-0.5005794122488688,0.21638285092901766,0.41800149723106106,-0.6926058996538361,0.01652536206009833
2017-01-01,0.312432881570616,-0.7900818715520114,0.9700225189524999,0.157477268601352,-0.5005794122488688,0.14498458913367754,0.3659293031968146,-0.6383212326686218,-0.03658793655615429
2017-02-01,0.25964939720031316,-0.9197887233801061,0.26876750725393556,0.10746975327641368,-0.551665825826305,0.14498458913367732,0.351051533472744,-0.6333862629426934,-0.03658793655615429
2017-03-01,0.7303669253633381,-1.055684627310786,-0.341407609927915,-1.5933100891771608,-0.6538386529811765,0.09398583070843437,0.23202937568018078,-0.569231656505622,-0.03658793655615429
2017-04-01,-0.11340809962000967,-0.897202303393046,0.22154385205097865,-0.6152496818830627,-0.6538386529811765,-0.018211437827100108,0.05349613899133568,-0.5149469895204077,0.020915771225795087
2017-05-01,0.081820887775205,-0.859108226234801,-0.33044427894593503,-0.8481018908892455,-0.6538386529811765,-0.07940994793739163,-0.013453824766981065,-0.5100120197944792,0.020915771225795087
2017-06-01,0.17542923554574721,-0.8013665091227267,-0.31674423542116925,-0.5212447076534326,-0.7049250665586126,-0.23240622321312024,-0.16967040686972035,-0.4458574133574078,0.020915771225795087
2017-07-01,0.0021116418339780533,-0.8760369836296388,-0.7343767931377303,-0.745163203975333,-0.7049250665586126,-0.13040870636263457,-0.1399148674215797,-0.39157274637219364,0.20089326850982808
2017-08-01,0.31870048917916616,-1.0335823960834214,0.22910630223381173,0.1530848764417158,-0.6538386529811765,-0.21200671984302305,-0.17710929173175557,-0.3866377766462651,0.20089326850982808
2017-09-01,-0.0757584285004601,-0.6174729019082151,0.8306868118384513,-0.6377288167869286,-0.7049250665586126,-0.26300547826826554,-0.19942594631786104,-0.39157274637219364,0.20089326850982808
2017-10-01,0.3097241484106065,-1.0252124125824207,-0.7192407339383633,0.6203540837523572,-0.7560114801360485,-0.2732052299533146,-0.11015932797343883,-0.39157274637219364,0.4668538399844374
2017-11-01,0.385331287333398,-1.0769734606301566,-0.547597424783149,-0.6035051929816644,-0.7560114801360485,-0.43640125691409154,-0.23662037062803712,-0.3866377766462651,0.4668538399844374
2017-12-01,0.5395925916331356,-0.937374321118523,-0.7076796357360774,0.07848760922103999,-0.8070978937134846,-0.5281990220795291,-0.2663759100761781,-0.3175482004832651,0.4668538399844374
2018-01-01,0.13109546292887733,-0.9756325859667444,0.8706551468980827,1.0260438032140111,-0.8581843072909203,-0.5383987737645772,-0.19942594631786104,-0.26326353349805093,0.22046498589129887
2018-02-01,1.098948478716939,-0.7275705254956236,0.6318864185811155,0.010315196972390153,-0.8070978937134846,-0.4058020018589462,-0.11015932797343883,-0.2583285637721223,0.22046498589129887
2018-03-01,-0.9797485352537285,1.0008810361178464,0.03733765889893575,0.15840362235875413,-0.8581843072909203,-0.5281990220795288,-0.22918148576600206,-0.2139138362387652,0.22046498589129887
2018-04-01,-0.7705670277299312,0.3719861135755572,0.48554854063314584,-0.41632909400189494,-0.8581843072909203,-0.5995972838748688,-0.25149814035210755,-0.125084381172051,-0.001967720985121544
2018-05-01,-0.025031925445265342,0.08397930386521489,0.5336198232655344,0.02497952625779339,-0.9603571344457923,-0.6199967872449659,-0.25149814035210755,-0.12014941144612246,-0.001967720985121544
2018-06-01,0.4017906051233919,-0.5405855463765692,-0.13715171901932918,-0.7171954137608347,-0.8581843072909203,-0.711794552410403,-0.3333258738344947,-0.0609297747349796,-0.001967720985121544
2018-07-01,-0.011923354591308943,-0.73892040345344,-0.5363164640175498,-0.5877450343755102,-0.9603571344457923,-0.8137920692608889,-0.3853980678687412,-0.016515047201622567,0.07118137804162397
2018-08-01,0.681441029615005,-0.7505727814321432,-0.4086812646855772,-0.8939712394563947,-0.9603571344457923,-0.8443913243160348,-0.44490914676502274,-0.016515047201622567,0.07118137804162397
2018-09-01,0.5692967055706334,-0.8784888851562914,-0.25008286430903115,-0.08948578012855911,-1.011443548023228,-0.864790827686132,-0.43747026190298766,0.0032248317020917186,0.07118137804162397
2018-10-01,-0.00755016233609837,-1.0271694340589408,-0.09194067740537865,0.11099222874114846,-0.9603571344457923,-0.8035923175758405,-0.4151536073168822,0.12166410512437731,-0.30898961919138734
2018-11-01,-1.7619707623140515,0.6560988077504989,-1.4298304108032414,0.031760202393392,-0.9603571344457923,-0.8341915726309861,-0.49698134079926937,0.126599074850306,-0.30898961919138734
2018-12-01,0.27419503596227074,0.23853927665499727,-1.3891962460735057,0.3151526725493134,-0.9092707208683564,-0.9463888411665208,-0.7424645412464312,0.16114386293180588,-0.30898961919138734
2019-01-01,-2.2272141824825864,1.1717712999354235,-0.05537357012481993,0.532195781898675,-0.8581843072909203,-0.9259893377964236,-0.8391700444528888,0.2252984693688772,0.07167007546831404
2019-02-01,1.6011420068779258,0.1815182167003383,0.5514377956897443,-0.26354125702314135,-0.9603571344457923,-0.9157895861113747,-0.8763644687630647,0.2252984693688772,0.07167007546831404
2019-03-01,0.5801609857376575,-0.6605646512081477,0.9212859223543763,-0.3741808787144795,-0.9603571344457923,-0.9361890894814724,-0.9656310871074876,0.23023343909480587,0.07167007546831404
2019-04-01,0.264223664830787,-0.42797091924175906,0.8307118430245581,-0.23928874784244808,-1.011443548023228,-0.9055898344263263,-0.980508856831558,0.23516840882073434,0.23755699164575936
2019-05-01,0.7643265399422058,-0.9656695505358026,0.0027229216986343983,-0.82503563829876,-1.062529961600664,-0.9055898344263263,-1.0548977054519098,0.22036349964294874,0.23755699164575936
2019-06-01,-1.6327097902373175,-0.12394174603726153,-0.5018804382918466,0.01328068614279517,-1.062529961600664,-0.8341915726309865,-1.1664809783824381,0.21542852991702005,0.23755699164575936
2019-07-01,1.3805185298481786,-0.4207422051690036,-0.11699858224141159,0.06306927280443776,-1.011443548023228,-0.8749905793711806,-1.1218476692102266,0.2252984693688772,0.5005592067284461
2019-08-01,0.19787571401981355,-0.7747942063958161,-0.5672084616255358,0.2149041654092291,-1.062529961600664,-1.038186606331958,-1.3226975604851772,0.09205428676880589,0.5005592067284461
2019-09-01,-0.5237458511748697,0.6971837012592753,-0.3490826023219128,-0.026201526218593715,-1.1136163751781,-1.0483863580170063,-1.2259920572787195,0.04763955923544886,0.5005592067284461
2019-10-01,0.2943764304022589,-0.7499096876548408,0.04389219396576557,0.16666135922582678,-1.062529961600664,-0.9361890894814722,-1.0325810508658042,-0.055994805009051025,0.11698317759482779
2019-11-01,0.35304695893742405,-0.5447270741528881,-0.6941887820619801,0.15214491018346632,-1.062529961600664,-0.8953900827412778,-0.8763644687630648,-0.1941739573350509,0.11698317759482779
2019-12-01,0.6629147424552638,-1.0082673190703044,-0.7918678905714066,-0.14204360420105866,-1.062529961600664,-0.8443913243160348,-0.8391700444528888,-0.1941739573350509,0.11698317759482779
2020-01-01,0.5064091401737436,-0.8380899877786209,0.46062144270695304,0.46894295246900874,-1.062529961600664,-0.8545910760010834,-0.8986811233491705,-0.1941739573350509,-1.5270254802754935
2020-02-01,-0.15081654162086175,-0.387495120025716,0.1627273555068826,0.3492797720073786,-1.1136163751781,-0.9259893377964236,-1.0846532449000506,-0.1793690481572652,-1.5270254802754935
2020-03-01,-2.0078815799981187,0.8031100413615545,-1.123111653806022,-2.297415992719077,-0.6538386529811765,-0.6709955456702091,-0.6308812683159031,-0.6383212326686218,-1.5270254802754935
2020-04-01,-3.159821053174189,7.132010433603,-2.302628328164932,-5.0038885401589335,4.6591483590721605,-0.6505960423001118,-0.6680756926260791,-0.9344194162243359,-6.84673203713684
2020-05-01,2.563312221850187,2.2767107535195032,-0.5488586823222094,-2.3520089467977727,3.8417657418331848,-0.5893975321898204,-0.6531979229020086,-0.9344194162243359,-6.84673203713684
2020-06-01,0.9115199908548927,0.5670580073205386,0.8770101082584646,-0.23742531613611792,2.7178646431295945,-0.5485985254496261,-0.6308812683159031,-0.9196145070465502,-6.84673203713684
2020-07-01,0.2560919858436669,1.2984355297350925,0.7687983728109536,2.782419681103913,2.3091733345101066,-0.6199967872449661,-0.6903923472121847,-0.9146795373206217,5.615202550136222
2020-08-01,1.1531354942478285,-0.2875259784070158,0.27062239942755,1.3771259417744364,1.3896178901162606,-0.5791977805047718,-0.6457590380399735,-0.909744567594693,5.615202550136222
2020-09-01,1.3849694377310195,-0.7740964339935614,-0.1897479292209091,-0.0500830870596006,1.0830994086516448,-0.5383987737645775,-0.6308812683159031,-0.9146795373206217,5.615202550136222
2020-10-01,-1.005199898986837,0.7954254954548726,-0.44545008646362094,-0.42645159567337076,0.6233216864547217,-0.44660100859914026,-0.5416146499714806,-0.9146795373206217,0.43363670381542874
2020-11-01,-0.7130054314869635,0.43133996128739815,-0.7136406305567117,0.38889803603669715,0.5211488592998498,-0.38540249848884883,-0.4746646862131637,-0.9146795373206217,0.43363670381542874
2020-12-01,2.1947677315959035,0.03807517091961158,-0.3077569689829417,-0.4654429657438321,0.5211488592998498,-0.2936047333234115,-0.43003137704095246,-0.9146795373206217,0.43363670381542874
2021-01-01,0.6814734464937842,-0.7743393961682401,0.5584279196181929,-1.2345581572482591,0.36788961856754204,-0.13040870636263424,-0.3110092192483892,-0.9146795373206217,0.6653455663938054
2021-02-01,-0.37343951150421373,-0.02166963295632512,0.87762094933344,-0.4670052272708428,0.26571679141267013,0.06338657565328883,-0.14735375228361472,-0.9196145070465502,0.6653455663938054
2021-03-01,0.4789047067211003,-0.042099991361395174,1.2983540917721876,0.3843671744476304,0.21463037783523392,0.38977862957484344,0.12044610274965276,-0.9245494767724788,0.6653455663938054
2021-04-01,0.8629575477530306,-0.14601546124945444,1.5953287827529583,4.393706861669802,0.21463037783523392,0.4101781329449404,0.15020164219779344,-0.9245494767724788,0.8140008411009583
2021-05-01,1.024949473938825,-0.5538095014408234,1.5425559935333992,3.4370807012003834,0.06137113710292623,0.38977862957484344,0.13532387247372318,-0.9294844464984073,0.8140008411009583
2021-06-01,0.006412729565139643,-0.22494776568296923,1.8755979293066218,4.2507885418412625,0.11245755068036244,0.2469821059841632,0.04605725412930063,-0.9196145070465502,0.8140008411009583
2021-07-01,0.3601886331660499,-0.7165550552504019,0.7040183184438005,1.2683023758370162,-0.1429745172068172,0.022587568913094474,-0.11015932797343866,-0.909744567594693,0.2514762630290886
2021-08-01,0.40408442981337905,-0.46976592712113124,-0.01371195278500123,-0.43811435891575845,-0.2962337579391254,-0.01821143782709988,-0.13991486742157952,-0.9146795373206217,0.2514762630290886
2021-09-01,0.5218852808810344,-0.7511519481104334,0.15628196632884533,0.4062563094451789,-0.5005794122488688,0.05318682396824024,-0.06552601880122738,-0.9196145070465502,0.2514762630290886
2021-10-01,-1.2216043347394945,-0.3299558588129079,1.6186575015615217,3.567720598047773,-0.6027522394037407,0.11438533407853155,0.0832516784394767,-0.9196145070465502,0.9962709341959286
2021-11-01,1.3927188200120302,-0.5172186818266169,0.7309282407575192,3.119819252091115,-0.7560114801360485,-0.02841118951214847,0.06837390871540627,-0.9196145070465502,0.9962709341959286
2021-12-01,-0.3242141108768333,-0.3232334013750668,0.2495206678928753,3.214845024387363,-0.9092707208683564,-0.29360473332341164,-0.006014939904945854,-0.9196145070465502,0.9962709341959286
2022-01-01,0.8813111542291684,0.03284615378250125,1.646496095023783,2.5929011310043886,-0.8581843072909203,-0.30380448500846013,0.14276275733575838,-0.9196145070465502,-0.6246628055134684
2022-02-01,-1.3676998517709213,0.18432211531570733,1.834624345794937,2.2634495621982706,-0.9603571344457923,-0.599597283874869,0.15020164219779344,-0.9196145070465502,-0.6246628055134684
2022-03-01,-0.8196246666575157,0.7388996416460253,2.9374963277367674,0.5544025475898862,-1.011443548023228,-0.8749905793711806,0.19483495137000473,-0.8603948703354074,-0.6246628055134684
2022-04-01,0.6933005640591999,0.6399379598321877,0.9059022710987927,2.166676995448785,-1.011443548023228,-0.8851903310562292,0.42544038209309615,-0.796240263898336,-0.36545404750574134
2022-05-01,-2.2202817164860273,0.8119281533592894,2.3287500657853513,2.487434436473631,-1.062529961600664,-0.8137920692608893,0.36592930319681444,-0.5791015959574791,-0.36545404750574134
2022-06-01,-0.09065524603036472,1.447411908206175,3.03809637574454,3.476453301466231,-1.062529961600664,-0.956588592851569,0.13532387247372318,-0.3619629280166222,-0.36545404750574134
2022-07-01,-2.0889882770930286,1.294538349351701,-0.584847221311949,1.2165004993376312,-1.1136163751781,-1.2421816400329295,-0.6085646137297974,-0.13001935089797959,0.11015921214614731
2022-08-01,1.8516005608187889,0.2678808080216598,-0.6466356990603551,2.27068337908171,-1.062529961600664,-1.4563764254189497,-0.9209977779352763,0.1907536812873773,0.11015921214614731
2022-09-01,-1.0842845532716157,0.38057578904970174,0.008482814606754154,2.7356894697802487,-1.1136163751781,-1.4461766737339008,-0.8317311595908538,0.30425798498373435,0.11015921214614731
2022-10-01,-2.3365811136978185,0.7488808135964279,0.5068358122215393,1.2493132602753643,-1.062529961600664,-1.5073751838441924,-0.9730699719695226,0.5608764107320198,0.23180286579714296
2022-11-01,1.6264592381363765,1.0988741316826918,-0.8180855926899296,0.8380353312635789,-1.062529961600664,-1.7215699692302127,-1.3747697545194237,0.9063242915470193,0.23180286579714296
2022-12-01,1.082494160137056,1.079834563232768,-1.3568032474322889,1.272341419859026,-1.1136163751781,-1.782768479340504,-1.605375185242515,1.0642433227767334,0.23180286579714296
2023-01-01,-1.4847354446062415,0.1693250610231991,1.5368705258842503,1.5884929382552893,-1.1136163751781,-1.7929682310255528,-1.917808349447994,1.1777476264730906,0.12498435788240832
2023-02-01,1.2383498655528138,-0.0022309557104517003,0.9057923029647109,1.9609765204639953,-1.062529961600664,-1.8949657478760389,-1.8285417311035712,1.2961868998953763,0.12498435788240832
2023-03-01,-0.7178642276794516,0.0058707983615650175,0.31181454534171243,1.0207095276398437,-1.1136163751781,-1.7521692242853582,-1.9475638888961346,1.335666657702805,0.12498435788240832
2023-04-01,0.682117254837711,0.2427582287750103,0.769006316907815,1.826413953356609,-1.164702788755536,-1.6705712108049693,-2.2525581682395783,1.4244961127695188,0.058012722090324556
2023-05-01,0.21693959999570475,-0.3723260676166558,0.1046253205176451,1.2557932664299711,-1.062529961600664,-1.67057121080497,-2.3492636714460353,1.5380004164658756,0.058012722090324556
2023-06-01,-0.037465341295826175,-0.30611026422792226,0.290419311638421,0.14494181264397052,-1.062529961600664,-2.007163016411573,-2.297191477411789,1.5478703559177331,0.058012722090324556
2023-07-01,1.2790263484303805,-0.5535883044298895,-0.05513341581192139,0.14151491730067375,-1.1136163751781,-2.0479620231517672,-2.237680398515508,1.5676102348214473,0.4232722088295912
2023-08-01,0.5871294643660517,-0.7392230070721011,0.5880751743090685,0.18289276357374745,-1.011443548023228,-1.8439669894507962,-2.088902701274803,1.6712445990659472,0.4232722088295912
2023-09-01,-0.5124383449710074,-0.41390947117954785,0.09591629410469645,0.8449535901663252,-0.9603571344457923,-1.7521692242853582,-1.932686119172064,1.6712445990659472,0.4232722088295912
2023-10-01,-1.2412896894317302,-0.5331437600701164,-0.6542141833941165,0.47907594495137384,-0.9092707208683564,-1.3747784119385615,-1.6500084944147262,1.6712445990659472,0.20101012493811915
2023-11-01,-0.6382961547352394,-0.18369077072003906,-1.080927866862879,0.7617028299266875,-1.011443548023228,-1.4869756804740952,-1.8136639613795005,1.6712445990659472,0.20101012493811915
2023-12-01,1.8361844321100653,-0.49083917876260225,-0.8137168575033515,0.5615647830180011,-0.9603571344457923,-1.5481741905843873,-2.11121935586091,1.6712445990659472,0.20101012493811915
2024-01-01,0.8684970676679077,-0.6697177585268623,0.8705919529067198,1.2583144495201635,-1.011443548023228,-1.364578660253513,-2.0889027012748036,1.6712445990659472,-0.10129943375727683
2024-02-01,0.21585732705009703,-0.48712056656412506,1.0646727163447607,1.264596086381136,-0.9092707208683564,-1.4359769220488525,-1.9698805434822404,1.6712445990659472,-0.10129943375727683
2024-03-01,1.0093971269889925,-0.2643366014437229,1.136455404933488,1.3492465357066108,-0.9092707208683564,-1.4869756804740952,-1.9921971980683455,1.6712445990659472,-0.10129943375727683
2024-04-01,0.5864461845207628,-0.6467021912220398,0.46415780236663134,0.4809945646920891,-0.9092707208683564,-1.4359769220488525,-1.7243973430350785,1.6712445990659472,0.1619186381169515
2024-05-01,-1.0729105140980093,-0.2618045866965206,-0.11943425621467317,-0.38859855839097246,-0.8581843072909203,-1.4869756804740952,-1.7839084219313597,1.6712445990659472,0.1619186381169515
2024-06-01,0.9748077991071892,-0.6465860994307281,-0.46569903502344273,-0.7725278939661754,-0.8070978937134846,-1.5379744388993388,-1.9475638888961346,1.6712445990659472,0.1619186381169515
2024-07-01,0.6428615266944305,-0.8640074372315959,-0.2501488364724198,-0.08677040641786465,-0.7560114801360485,-1.3543789085684639,-1.932686119172064,1.6712445990659472,0.1780709708209399
2024-08-01,0.13067849944871357,-0.1463969076454371,-0.34112281142790585,0.632363503709315,-0.7560114801360485,-1.2013826332927353,-2.118658240722944,1.6712445990659472,0.1780709708209399
2024-09-01,0.3809399930240227,0.24402208302174358,-0.13444832541287083,0.8314483824595319,-0.8070978937134846,-0.9973875995917635,-1.9475638888961342,1.5725452045473758,0.1780709708209399
2024-10-01,0.32868439883956707,-0.25166040361780984,-0.25289256380679886,0.4997824766280891,-0.8070978937134846,-0.9667883445366183,-1.5161085668980927,1.4244961127695188,0.058084489811390375
2024-11-01,-0.34449867929258127,-0.47710397385113246,-0.6956197924475399,0.6712464691649621,-0.7560114801360485,-0.997387599591763,-1.248308711864825,1.330731687976876,0.058084489811390375
2024-12-01,1.1689717385808085,-0.22161975407454093,-0.46112413286413256,0.09174566209380554,-0.8070978937134846,-0.9361890894814728,-1.0548977054519098,1.2517721723620192,0.058084489811390375
2025-01-01,-0.6927516750187209,-0.17652160789351778,1.1578955451447326,1.8142082527912495,-0.8581843072909203,-0.7321940557805001,-0.8391700444528888,1.1777476264730906,0.058084489811390375
2025-02-01,0.4579960543869131,-0.24567410176096172,0.6075696514844119,0.21409400789472444,-0.8070978937134846,-0.8545910760010832,-0.9656310871074872,1.1777476264730906,0.058084489811390375
2025-03-01,0.4579960543869131,-0.33449858422043505,0.03366230352008918,-1.0248721095300353,-0.7560114801360485,-0.7831928142057434,-1.0995310146241208,1.1777476264730906,0.058084489811390375
